"k","bias_scenario","sigma_target","n_analytes","n_stricter","pct_stricter","median_ratio","q1_ratio","q3_ratio","threshold_cvg_over_cvi","median_c_req"
1,"bias=0",4,101,98,97.0297,0.567,0.4854,0.6698,5.9161,2.1541
1,"bias=0",5,101,98,97.0297,0.4536,0.3883,0.5359,7.9373,1.7233
1,"bias=0",6,101,99,98.0198,0.378,0.3236,0.4465,9.9499,1.4361
1,"bias=allow",4,101,101,100,0.25,0.25,0.25,NA,0.8541
1,"bias=allow",5,101,101,100,0.2,0.2,0.2,NA,0.6833
1,"bias=allow",6,101,101,100,0.1667,0.1667,0.1667,NA,0.5694
1.65,"bias=0",4,101,92,91.0891,0.7295,0.6479,0.8323,4.5924,2.7358
1.65,"bias=0",5,101,98,97.0297,0.5836,0.5183,0.6659,6.625,2.1886
1.65,"bias=0",6,101,98,97.0297,0.4863,0.4319,0.5549,8.6423,1.8239
1.65,"bias=allow",4,101,101,100,0.4125,0.4125,0.4125,NA,1.4092
1.65,"bias=allow",5,101,101,100,0.33,0.33,0.33,NA,1.1274
1.65,"bias=allow",6,101,101,100,0.275,0.275,0.275,NA,0.9395
1.96,"bias=0",4,101,87,86.1386,0.807,0.7254,0.9098,3.9556,3.0253
1.96,"bias=0",5,101,98,97.0297,0.6456,0.5803,0.7279,5.9972,2.4202
1.96,"bias=0",6,101,98,97.0297,0.538,0.4836,0.6065,8.0179,2.0169
1.96,"bias=allow",4,101,101,100,0.49,0.49,0.49,NA,1.674
1.96,"bias=allow",5,101,101,100,0.392,0.392,0.392,NA,1.3392
1.96,"bias=allow",6,101,101,100,0.3267,0.3267,0.3267,NA,1.116
2,"bias=0",4,101,86,85.1485,0.817,0.7354,0.9198,3.873,3.0616
2,"bias=0",5,101,98,97.0297,0.6536,0.5883,0.7359,5.9161,2.4493
2,"bias=0",6,101,98,97.0297,0.5447,0.4903,0.6132,7.9373,2.0411
2,"bias=allow",4,101,101,100,0.5,0.5,0.5,NA,1.7082
2,"bias=allow",5,101,101,100,0.4,0.4,0.4,NA,1.3665
2,"bias=allow",6,101,101,100,0.3333,0.3333,0.3333,NA,1.1388
2.58,"bias=0",4,101,64,63.3663,0.962,0.8804,1.0648,2.6581,3.5879
2.58,"bias=0",5,101,92,91.0891,0.7696,0.7043,0.8519,4.7356,2.8703
2.58,"bias=0",6,101,98,97.0297,0.6413,0.5869,0.7099,6.7665,2.3919
2.58,"bias=allow",4,101,101,100,0.645,0.645,0.645,NA,2.2035
2.58,"bias=allow",5,101,101,100,0.516,0.516,0.516,NA,1.7628
2.58,"bias=allow",6,101,101,100,0.43,0.43,0.43,NA,1.469
