"scheme","n_per_run","shift_sd","n_replicates","k_runs","hits","p_detect_k","pd_lo","pd_hi","mean_first_hit","rules","exact_p_detect"
"1-3s (N=1)",1,0.5,20000,100,9486,0.4743,0.467385238766177,0.481224631887107,45.1771030993042,"1_3s",0.476026178115953
"1-3s (N=1)",1,1,20000,100,17971,0.89855,0.894288794284995,0.902658133774684,32.7946135440432,"1_3s",0.900194485277762
"1-3s (N=1)",1,1.5,20000,100,19979,0.99895,0.998395264314301,0.999313102905313,14.9416387206567,"1_3s",0.999006930248432
"1-3s (N=1)",1,2,20000,100,20000,1,0.999807963943895,1,6.289,"1_3s",0.999999968567139
"1-3s (N=1)",1,3,20000,100,20000,1,0.999807963943895,1,2.00345,"1_3s",1
"1-3s (N=2)",2,0.5,20000,100,14395,0.71975,0.713483865492492,0.72593173466085,39.8755817992358,"1_3s",0.725451433980224
"1-3s (N=2)",2,1,20000,100,19795,0.98975,0.988257008196476,0.991054892486569,21.2667845415509,"1_3s",0.990038859231029
"1-3s (N=2)",2,1.5,20000,100,20000,1,0.999807963943895,1,7.7034,"1_3s",0.999999013812468
"1-3s (N=2)",2,2,20000,100,20000,1,0.999807963943895,1,3.3983,"1_3s",0.999999999999999
"1-3s (N=2)",2,3,20000,100,20000,1,0.999807963943895,1,1.33845,"1_3s",1
"1-3s / 2-2s (N=2)",2,0.5,20000,100,17322,0.8661,0.86131000113479,0.870749390064931,35.212273409537,"1_3s,2_2s",NA
"1-3s / 2-2s (N=2)",2,1,20000,100,19992,0.9996,0.999210820976486,0.999797296596254,12.9893457382953,"1_3s,2_2s",NA
"1-3s / 2-2s (N=2)",2,1.5,20000,100,20000,1,0.999807963943895,1,4.62895,"1_3s,2_2s",NA
"1-3s / 2-2s (N=2)",2,2,20000,100,20000,1,0.999807963943895,1,2.2854,"1_3s,2_2s",NA
"1-3s / 2-2s (N=2)",2,3,20000,100,20000,1,0.999807963943895,1,1.1474,"1_3s,2_2s",NA
"1-3s / 2-2s / R4s (N=2)",2,0.5,20000,100,17895,0.89475,0.890420930304963,0.898927457228742,32.9434478904722,"1_3s,2_2s,R_4s",NA
"1-3s / 2-2s / R4s (N=2)",2,1,20000,100,19992,0.9996,0.999210820976486,0.999797296596254,12.6215486194478,"1_3s,2_2s,R_4s",NA
"1-3s / 2-2s / R4s (N=2)",2,1.5,20000,100,20000,1,0.999807963943895,1,4.58235,"1_3s,2_2s,R_4s",NA
"1-3s / 2-2s / R4s (N=2)",2,2,20000,100,20000,1,0.999807963943895,1,2.27405,"1_3s,2_2s,R_4s",NA
"1-3s / 2-2s / R4s (N=2)",2,3,20000,100,20000,1,0.999807963943895,1,1.1521,"1_3s,2_2s,R_4s",NA
"multi-rule (N=2)",2,0.5,20000,100,19356,0.9678,0.965262202997778,0.970158128068131,26.7149721016739,"1_3s,2_2s,R_4s,4_1s",NA
"multi-rule (N=2)",2,1,20000,100,20000,1,0.999807963943895,1,8.1564,"1_3s,2_2s,R_4s,4_1s",NA
"multi-rule (N=2)",2,1.5,20000,100,20000,1,0.999807963943895,1,3.32965,"1_3s,2_2s,R_4s,4_1s",NA
"multi-rule (N=2)",2,2,20000,100,20000,1,0.999807963943895,1,1.91685,"1_3s,2_2s,R_4s,4_1s",NA
"multi-rule (N=2)",2,3,20000,100,20000,1,0.999807963943895,1,1.13825,"1_3s,2_2s,R_4s,4_1s",NA
"multi-rule (N=4)",4,0.5,20000,100,19999,0.99995,0.999716809429774,0.999991173717727,10.3357667883394,"1_3s,2_2s,R_4s,4_1s,10x",NA
"multi-rule (N=4)",4,1,20000,100,20000,1,0.999807963943895,1,3.40265,"1_3s,2_2s,R_4s,4_1s,10x",NA
"multi-rule (N=4)",4,1.5,20000,100,20000,1,0.999807963943895,1,1.79535,"1_3s,2_2s,R_4s,4_1s,10x",NA
"multi-rule (N=4)",4,2,20000,100,20000,1,0.999807963943895,1,1.22305,"1_3s,2_2s,R_4s,4_1s,10x",NA
"multi-rule (N=4)",4,3,20000,100,20000,1,0.999807963943895,1,1.00495,"1_3s,2_2s,R_4s,4_1s,10x",NA
