"analyte_name","cvg_over_cvi","ratio_bias0_sigma_4","ratio_bias0_sigma_5","ratio_bias0_sigma_6","threshold_sigma_4","threshold_sigma_5","threshold_sigma_6","ratio_biasallow_sigma4","number_used_cvi","number_used_cvg","cvg_imputed"
"17-a-hydroxyprogesterone",1.111,0.5993,0.4795,0.3996,4.5924,6.625,8.6423,0.4125,3,3,FALSE
"25-hydroxy vitamin D3",5.556,1.1182,0.8945,0.7455,4.5924,6.625,8.6423,0.4125,6,5,FALSE
"ADAMTS-13 activity",0.756,0.5692,0.4554,0.3795,4.5924,6.625,8.6423,0.4125,1,1,FALSE
"ADAMTS-13 antigen",0.644,0.5612,0.4489,0.3741,4.5924,6.625,8.6423,0.4125,1,1,FALSE
"Activated partial thromboplastin time (APTT)",2.602,0.7609,0.6087,0.5073,4.5924,6.625,8.6423,0.4125,8,7,FALSE
"Activated protein C resistance (APCR)",3.083,0.8177,0.6541,0.5451,4.5924,6.625,8.6423,0.4125,3,2,FALSE
"Actual bicarbonate",1.2,0.6078,0.4862,0.4052,4.5924,6.625,8.6423,0.4125,1,1,FALSE
"Adiponectin",2.923,0.7987,0.639,0.5325,4.5924,6.625,8.6423,0.4125,2,2,FALSE
"Alanine transaminase (ALT)",2.374,0.7345,0.5876,0.4897,4.5924,6.625,8.6423,0.4125,6,6,FALSE
"Albumin",1.729,0.6622,0.5298,0.4415,4.5924,6.625,8.6423,0.4125,16,12,FALSE
"Aldosterone",0.948,0.5847,0.4678,0.3898,4.5924,6.625,8.6423,0.4125,1,1,FALSE
"Alkaline phosphatase (ALP) - total",4.304,0.9648,0.7719,0.6432,4.5924,6.625,8.6423,0.4125,10,9,FALSE
"Alkaline phosphatase (ALP) bone isoenzyme",5.394,1.0982,0.8786,0.7322,4.5924,6.625,8.6423,0.4125,1,1,FALSE
"Alkaline phosphatase (ALP), liver type",3.5,0.8675,0.694,0.5783,4.5924,6.625,8.6423,0.4125,1,1,FALSE
"Alpha 2-antiplasmin",1.234,0.611,0.4888,0.4074,4.5924,6.625,8.6423,0.4125,3,1,FALSE
"Alphafetoprotein",12.084,1.9281,1.5425,1.2854,4.5924,6.625,8.6423,0.4125,2,2,FALSE
"Amylase",3.667,0.8876,0.7101,0.5917,4.5924,6.625,8.6423,0.4125,2,2,FALSE
"Amyloid-beta protein 40 (Aβ40)",1.956,0.6871,0.5497,0.4581,4.5924,6.625,8.6423,0.4125,1,1,FALSE
"Amyloid-beta protein 42 (Aβ42)",2.354,0.7322,0.5857,0.4881,4.5924,6.625,8.6423,0.4125,1,1,FALSE
"Amyloid-beta protein 42 (Aβ42)/Amyloid-beta protein 40 (Aβ40)",1.976,0.6893,0.5515,0.4596,4.5924,6.625,8.6423,0.4125,1,1,FALSE
"Androstenedione",1.742,0.6636,0.5309,0.4424,4.5924,6.625,8.6423,0.4125,4,4,FALSE
"Antimullerian hormone",1.062,0.5949,0.4759,0.3966,4.5924,6.625,8.6423,0.4125,1,1,FALSE
"Antithrombin activity",2.282,0.724,0.5792,0.4827,4.5924,6.625,8.6423,0.4125,8,5,FALSE
"Antithrombin antigen",0.694,0.5647,0.4517,0.3765,4.5924,6.625,8.6423,0.4125,1,1,FALSE
"Apolipoprotein A1",1.692,0.6582,0.5266,0.4388,4.5924,6.625,8.6423,0.4125,15,6,FALSE
"Apolipoprotein B",3.289,0.8422,0.6738,0.5615,4.5924,6.625,8.6423,0.4125,10,6,FALSE
"Aspartate transaminase (AST)",2.279,0.7236,0.5789,0.4824,4.5924,6.625,8.6423,0.4125,5,5,FALSE
"Basophils",2.269,0.7225,0.578,0.4817,4.5924,6.625,8.6423,0.4125,5,4,FALSE
"Bilirubin",1.234,0.6111,0.4889,0.4074,4.5924,6.625,8.6423,0.4125,8,6,FALSE
"Bilirubin - conjugated (direct)",1.121,0.6003,0.4803,0.4002,4.5924,6.625,8.6423,0.4125,3,3,FALSE
"C-reactive protein (CRP)",2.511,0.7504,0.6003,0.5003,4.5924,6.625,8.6423,0.4125,6,6,FALSE
"C-terminal cross-linked telopeptide of type I collagen (CTX)",3.064,0.8153,0.6523,0.5436,4.5924,6.625,8.6423,0.4125,3,3,FALSE
"Calcitonin",5.062,1.0574,0.8459,0.7049,4.5924,6.625,8.6423,0.4125,1,1,FALSE
"Calcium (Ca)",1.222,0.6099,0.4879,0.4066,4.5924,6.625,8.6423,0.4125,20,14,FALSE
"Cancer antigen 125 (CA-125)",2.918,0.7981,0.6384,0.532,4.5924,6.625,8.6423,0.4125,3,3,FALSE
"Cancer antigen 19-9 (CA 19-9)",13.216,2.0692,1.6554,1.3795,4.5924,6.625,8.6423,0.4125,3,3,FALSE
"Cancer antigen 72-4  (CA 72-4)",2.056,0.6982,0.5586,0.4655,4.5924,6.625,8.6423,0.4125,1,1,FALSE
"Carbon dioxide (total)",1.2,0.6078,0.4862,0.4052,4.5924,6.625,8.6423,0.4125,1,1,FALSE
"Carcinoembryonic antigen (CEA)",8.68,1.5046,1.2037,1.0031,4.5924,6.625,8.6423,0.4125,3,3,FALSE
"Ceruloplasmin",3.039,0.8124,0.65,0.5416,4.5924,6.625,8.6423,0.4125,2,2,FALSE
"Chloride",1.345,0.622,0.4976,0.4146,4.5924,6.625,8.6423,0.4125,11,8,FALSE
"Cholesterol",2.948,0.8016,0.6413,0.5344,4.5924,6.625,8.6423,0.4125,36,19,FALSE
"Chromogranin A",2.07,0.6999,0.5599,0.4666,4.5924,6.625,8.6423,0.4125,2,2,FALSE
"Cobalamin",5.111,1.0634,0.8508,0.709,4.5924,6.625,8.6423,0.4125,4,4,FALSE
"Complement 3 (C3)",3.304,0.844,0.6752,0.5627,4.5924,6.625,8.6423,0.4125,1,1,FALSE
"Complement 4 (C4)",3.551,0.8736,0.6989,0.5824,4.5924,6.625,8.6423,0.4125,1,1,FALSE
"Copeptin",2.348,0.7315,0.5852,0.4877,4.5924,6.625,8.6423,0.4125,2,2,FALSE
"Copper",1.723,0.6615,0.5292,0.441,4.5924,6.625,8.6423,0.4125,9,9,FALSE
"Cortisol",1.332,0.6207,0.4965,0.4138,4.5924,6.625,8.6423,0.4125,4,3,FALSE
"Creatine Kinase",2.33,0.7295,0.5836,0.4863,4.5924,6.625,8.6423,0.4125,3,2,FALSE
"Creatinine",3.605,0.8802,0.7041,0.5868,4.5924,6.625,8.6423,0.4125,17,14,FALSE
"Cystatin C",3.274,0.8404,0.6723,0.5603,4.5924,6.625,8.6423,0.4125,5,5,FALSE
"D-dimer",1.402,0.6278,0.5022,0.4185,4.5924,6.625,8.6423,0.4125,5,5,FALSE
"Dehydroepiandrosterone sulphate (DHEAS)",2.45,0.7433,0.5946,0.4955,4.5924,6.625,8.6423,0.4125,1,1,FALSE
"Dihydrotestosterone (DHT)",3.206,0.8323,0.6659,0.5549,4.5924,6.625,8.6423,0.4125,1,1,FALSE
"Eosinophils",4.469,0.985,0.788,0.6567,4.5924,6.625,8.6423,0.4125,6,5,FALSE
"Erythrocytes",2.665,0.7683,0.6147,0.5122,4.5924,6.625,8.6423,0.4125,8,6,FALSE
"Estradiol",1.205,0.6082,0.4866,0.4055,4.5924,6.625,8.6423,0.4125,2,2,FALSE
"Factor II (F2)",1.702,0.6592,0.5274,0.4395,4.5924,6.625,8.6423,0.4125,1,1,FALSE
"Factor IX (F9)",2.37,0.734,0.5872,0.4894,4.5924,6.625,8.6423,0.4125,2,2,FALSE
"Factor V (F5)",3.51,0.8687,0.695,0.5791,4.5924,6.625,8.6423,0.4125,2,1,FALSE
"Factor VII (F7) activity",1.975,0.6892,0.5514,0.4595,4.5924,6.625,8.6423,0.4125,5,2,FALSE
"Factor VIII (F8) activity",2.566,0.7568,0.6054,0.5045,4.5924,6.625,8.6423,0.4125,8,5,FALSE
"Factor X (F10)",2.06,0.6987,0.559,0.4658,4.5924,6.625,8.6423,0.4125,3,1,FALSE
"Factor XI (F11)",2.255,0.7208,0.5767,0.4806,4.5924,6.625,8.6423,0.4125,1,1,FALSE
"Factor XII (F12) activity",5.825,1.1513,0.921,0.7675,4.5924,6.625,8.6423,0.4125,1,1,FALSE
"Fibrinogen",1.678,0.6567,0.5253,0.4378,4.5924,6.625,8.6423,0.4125,12,10,FALSE
"Fibroblast growth factor-23",1.607,0.6491,0.5193,0.4328,4.5924,6.625,8.6423,0.4125,3,3,FALSE
"Folate",2.375,0.7346,0.5877,0.4897,4.5924,6.625,8.6423,0.4125,3,3,FALSE
"Follicle stimulating hormone (FSH)",4.005,0.9285,0.7428,0.619,4.5924,6.625,8.6423,0.4125,3,3,FALSE
"Free kappa light chain",2.485,0.7473,0.5979,0.4982,4.5924,6.625,8.6423,0.4125,2,2,FALSE
"Free lambda light chain",3.915,0.9176,0.7341,0.6117,4.5924,6.625,8.6423,0.4125,2,2,FALSE
"Fructosamine",2.739,0.777,0.6216,0.518,4.5924,6.625,8.6423,0.4125,1,1,FALSE
"Glucose",1.723,0.6615,0.5292,0.441,4.5924,6.625,8.6423,0.4125,12,10,FALSE
"HDL cholesterol",3.973,0.9246,0.7397,0.6164,4.5924,6.625,8.6423,0.4125,36,10,FALSE
"Haemoglobin (Hb)",2.297,0.7257,0.5805,0.4838,4.5924,6.625,8.6423,0.4125,16,13,FALSE
"Haemoglobin A1c (IFCC)",4.479,0.9862,0.789,0.6575,4.5924,6.625,8.6423,0.4125,2,2,FALSE
"Iron",1.109,0.5992,0.4793,0.3994,4.5924,6.625,8.6423,0.4125,5,3,FALSE
"LDL Cholesterol",3.273,0.8403,0.6723,0.5602,4.5924,6.625,8.6423,0.4125,21,12,FALSE
"Lactate dehydrogenase (LDH) activity",2.701,0.7726,0.6181,0.5151,4.5924,6.625,8.6423,0.4125,2,2,FALSE
"Leukocytes",1.52,0.64,0.512,0.4266,4.5924,6.625,8.6423,0.4125,12,9,FALSE
"Magnesium",2.222,0.7171,0.5737,0.4781,4.5924,6.625,8.6423,0.4125,11,10,FALSE
"Phosphate",1.4,0.6276,0.5021,0.4184,4.5924,6.625,8.6423,0.4125,17,13,FALSE
"Potassium",1.415,0.6291,0.5033,0.4194,4.5924,6.625,8.6423,0.4125,11,8,FALSE
"Protein (total)",1.413,0.6289,0.5031,0.4192,4.5924,6.625,8.6423,0.4125,13,10,FALSE
"Sodium",1.447,0.6324,0.5059,0.4216,4.5924,6.625,8.6423,0.4125,12,9,FALSE
"Soluble transferrin receptor (sTfr)",2.768,0.7804,0.6243,0.5203,4.5924,6.625,8.6423,0.4125,1,1,FALSE
"Thrombocytes",2.559,0.756,0.6048,0.504,4.5924,6.625,8.6423,0.4125,8,7,FALSE
"Thyroid stimulating hormone (TSH)",2.023,0.6946,0.5557,0.4631,4.5924,6.625,8.6423,0.4125,7,7,FALSE
"Thyroxine - free (FT4)",1.668,0.6557,0.5245,0.4371,4.5924,6.625,8.6423,0.4125,5,5,FALSE
"Thyroxine - total (T4)",1.924,0.6835,0.5468,0.4557,4.5924,6.625,8.6423,0.4125,5,5,FALSE
"Transferrin",3.594,0.8788,0.7031,0.5859,4.5924,6.625,8.6423,0.4125,2,1,FALSE
"Triglycerides",1.786,0.6684,0.5347,0.4456,4.5924,6.625,8.6423,0.4125,42,14,FALSE
"Triiodothyronine - free (FT3)",1.596,0.6479,0.5183,0.4319,4.5924,6.625,8.6423,0.4125,4,4,FALSE
"Urate",2.53,0.7525,0.602,0.5017,4.5924,6.625,8.6423,0.4125,16,12,FALSE
"Urea",1.542,0.6423,0.5138,0.4282,4.5924,6.625,8.6423,0.4125,14,10,FALSE
"a-1 antitrypsin",2.658,0.7675,0.614,0.5116,4.5924,6.625,8.6423,0.4125,1,1,FALSE
"alpha 2 antiplasmin-plasmin complex (a2-antiplasmin/plasmin complex)",1.524,0.6404,0.5123,0.4269,4.5924,6.625,8.6423,0.4125,3,2,FALSE
"b-2 microglobulin",2.779,0.7817,0.6253,0.5211,4.5924,6.625,8.6423,0.4125,2,2,FALSE
"g-glutamyl transferase activity",5.437,1.1036,0.8828,0.7357,4.5924,6.625,8.6423,0.4125,6,6,FALSE
