"bias_scenario","level","sigma_target","n_analytes","n_stricter","pct_stricter","median_ratio","q1_ratio","q3_ratio","analytic_ratio","threshold_cvg_over_cvi"
"bias=0","desirable",4,101,92,91.0891,0.7295,0.6479,0.8323,0.7295,4.5924
"bias=0","desirable",5,101,98,97.0297,0.5836,0.5183,0.6659,0.5836,6.625
"bias=0","desirable",6,101,98,97.0297,0.4863,0.4319,0.5549,0.4863,8.6423
"bias=0","minimum",4,101,92,91.0891,0.7295,0.6479,0.8323,0.7295,4.5924
"bias=0","minimum",5,101,98,97.0297,0.5836,0.5183,0.6659,0.5836,6.625
"bias=0","minimum",6,101,98,97.0297,0.4863,0.4319,0.5549,0.4863,8.6423
"bias=0","optimal",4,101,92,91.0891,0.7295,0.6479,0.8323,0.7295,4.5924
"bias=0","optimal",5,101,98,97.0297,0.5836,0.5183,0.6659,0.5836,6.625
"bias=0","optimal",6,101,98,97.0297,0.4863,0.4319,0.5549,0.4863,8.6423
"bias=allow","desirable",4,101,101,100,0.4125,0.4125,0.4125,0.4125,NA
"bias=allow","desirable",5,101,101,100,0.33,0.33,0.33,0.33,NA
"bias=allow","desirable",6,101,101,100,0.275,0.275,0.275,0.275,NA
"bias=allow","minimum",4,101,101,100,0.4125,0.4125,0.4125,0.4125,NA
"bias=allow","minimum",5,101,101,100,0.33,0.33,0.33,0.33,NA
"bias=allow","minimum",6,101,101,100,0.275,0.275,0.275,0.275,NA
"bias=allow","optimal",4,101,101,100,0.4125,0.4125,0.4125,0.4125,NA
"bias=allow","optimal",5,101,101,100,0.33,0.33,0.33,0.33,NA
"bias=allow","optimal",6,101,101,100,0.275,0.275,0.275,0.275,NA
