"sigma_target";"threshold";"analyte_name";"cvg_over_cvi";"ratio_cv_a"
4;4.59;"Factor XII (F12) activity";5.82;1.151
4;4.59;"25-hydroxy vitamin D3";5.56;1.118
4;4.59;"Alphafetoprotein";12.08;1.928
4;4.59;"Carcinoembryonic antigen (CEA)";8.68;1.505
4;4.59;"g-glutamyl transferase activity";5.44;1.104
4;4.59;"Alkaline phosphatase (ALP) bone isoenzyme";5.39;1.098
4;4.59;"Cancer antigen 19-9 (CA 19-9)";13.22;2.069
4;4.59;"Cobalamin";5.11;1.063
4;4.59;"Calcitonin";5.06;1.057
5;6.62;"Alphafetoprotein";12.08;1.543
5;6.62;"Carcinoembryonic antigen (CEA)";8.68;1.204
5;6.62;"Cancer antigen 19-9 (CA 19-9)";13.22;1.655
6;8.64;"Alphafetoprotein";12.08;1.285
6;8.64;"Carcinoembryonic antigen (CEA)";8.68;1.003
6;8.64;"Cancer antigen 19-9 (CA 19-9)";13.22;1.379
